Miejsce,Szerokość geograficzna,Długość geograficzna
Krakowskie Przedmieście,52.242674036261725,21.0155112376675
Ogród Saski,52.24038322870778,21.008009206984443
Grób Nieznanego Żołnierza,52.2410944056793,21.01193992786879
"Ogród Zoologiczny, Zoo",52.25820111250695,21.0223909892357
Bulwary Wiślane,52.24479180946322,21.02604961622275
Pałac w Wilanowie,52.16524068134496,21.09144180642035
